file,mae,rmse,r2
./csv\AAPL.csv,3.440928910573657,13.395105392133257,0.8610272053955957
./csv\ADBE.csv,4.443941468396005,13.423513430635598,0.9897590723408469
